customer_id,signup_date,region
1,2024-01-01,Northeast
2,2024-10-08,South
3,2024-08-16,South
4,2024-04-14,Northeast
5,2025-08-27,West
6,2024-02-02,Northeast
7,2024-04-05,South
8,2024-08-26,Northeast
9,2025-07-28,South
10,2025-07-12,West
11,2024-08-13,West
12,2025-08-26,Midwest
13,2024-01-07,South
14,2025-03-08,Midwest
15,2024-10-11,South
16,2024-08-08,Midwest
17,2024-04-14,Northeast
18,2025-01-24,Northeast
19,2025-01-02,Midwest
20,2025-09-10,Midwest
21,2024-02-14,West
22,2025-07-03,Northeast
23,2025-01-22,Northeast
24,2025-07-19,Midwest
25,2025-10-05,Midwest
26,2025-08-14,South
27,2024-03-12,Northeast
28,2024-08-21,Midwest
29,2024-03-22,South
30,2024-04-13,West
31,2024-10-11,West
32,2025-01-08,South
33,2025-01-14,Midwest
34,2024-08-02,Midwest
35,2024-03-14,South
36,2025-06-30,South
37,2024-06-16,West
38,2025-01-23,Midwest
39,2025-07-24,South
40,2024-11-28,Northeast
41,2024-08-22,Northeast
42,2024-11-19,West
43,2024-10-01,Northeast
44,2024-08-04,Midwest
45,2024-08-05,West
46,2025-02-09,West
47,2024-05-26,Midwest
48,2024-05-22,South
49,2025-07-28,Midwest
50,2025-08-21,West
51,2025-08-20,West
52,2025-01-05,South
53,2024-05-21,West
54,2024-04-03,Northeast
55,2024-04-22,South
56,2025-10-04,South
57,2025-03-08,Northeast
58,2025-01-29,West
59,2025-09-02,West
60,2025-06-25,Midwest
61,2025-07-20,Northeast
62,2024-04-27,Midwest
63,2024-12-14,Northeast
64,2024-10-27,West
65,2024-06-10,West
66,2024-01-04,Midwest
67,2025-05-27,South
68,2025-06-03,Northeast
69,2025-10-02,Midwest
70,2025-06-03,South
71,2024-06-05,Midwest
72,2024-06-14,Northeast
73,2025-09-05,Midwest
74,2025-05-15,Northeast
75,2024-04-24,Midwest
76,2024-11-10,South
77,2024-02-29,South
78,2025-08-03,Northeast
79,2024-03-28,West
80,2024-03-11,South
81,2024-05-11,West
82,2025-07-16,South
83,2024-09-28,West
84,2024-08-04,South
85,2024-11-15,West
86,2025-01-17,West
87,2025-06-13,West
88,2024-05-03,South
89,2024-08-18,Northeast
90,2024-12-12,Northeast
91,2025-08-25,South
92,2025-08-25,South
93,2024-01-08,Northeast
94,2025-10-08,Northeast
95,2024-08-22,Northeast
96,2024-02-02,Midwest
97,2024-03-13,South
98,2024-10-12,West
99,2024-08-07,South
100,2025-08-07,West
101,2024-09-05,West
102,2025-02-20,South
103,2024-04-06,Northeast
104,2025-03-17,Midwest
105,2025-03-09,West
106,2025-04-23,Northeast
107,2024-04-10,Northeast
108,2025-02-16,Midwest
109,2024-04-21,South
110,2024-07-15,South
111,2025-07-03,West
112,2024-05-23,West
113,2024-07-06,Midwest
114,2025-04-18,South
115,2024-03-18,West
116,2025-07-17,Northeast
117,2024-02-21,Northeast
118,2024-04-05,South
119,2024-06-19,West
120,2025-05-12,West
121,2024-08-06,West
122,2024-03-01,South
123,2025-01-23,Northeast
124,2025-02-03,Midwest
125,2025-04-10,Midwest
126,2025-03-09,West
127,2024-06-07,South
128,2024-10-30,South
129,2024-02-29,Northeast
130,2024-11-17,Northeast
131,2024-02-21,West
132,2025-05-29,South
133,2024-02-28,Northeast
134,2024-07-09,Northeast
135,2025-09-01,Northeast
136,2024-08-28,West
137,2024-05-02,South
138,2025-08-15,Northeast
139,2025-09-26,Northeast
140,2025-03-05,Midwest
141,2024-09-24,South
142,2024-11-17,South
143,2024-09-28,West
144,2024-05-14,Midwest
145,2025-04-13,Midwest
146,2024-03-15,Northeast
147,2025-04-14,Northeast
148,2024-03-16,South
149,2025-06-02,Midwest
150,2024-05-15,Midwest
151,2024-03-11,South
152,2025-01-13,Midwest
153,2024-06-10,West
154,2025-07-10,Midwest
155,2025-09-18,Northeast
156,2025-07-21,Midwest
157,2024-04-16,South
158,2024-09-27,Northeast
159,2024-04-19,South
160,2024-10-05,Midwest
161,2025-09-11,South
162,2024-12-17,South
163,2025-10-11,Midwest
164,2025-06-01,West
165,2024-09-14,Northeast
166,2024-04-04,West
167,2024-10-10,Northeast
168,2024-01-04,Midwest
169,2024-05-13,Midwest
170,2024-06-14,West
171,2025-07-18,West
172,2025-07-28,Northeast
173,2024-04-24,Northeast
174,2024-06-01,Northeast
175,2025-01-13,South
176,2025-03-16,South
177,2024-02-12,Midwest
178,2025-01-08,Northeast
179,2025-01-01,South
180,2024-09-12,Northeast
181,2024-12-28,West
182,2025-09-27,South
183,2024-08-30,South
184,2024-06-30,West
185,2024-01-26,South
186,2024-12-06,West
187,2024-09-11,Midwest
188,2024-06-12,Northeast
189,2025-01-26,Northeast
190,2025-04-26,South
191,2024-07-23,West
192,2024-12-24,Midwest
193,2024-08-21,South
194,2024-01-25,South
195,2025-02-12,Midwest
196,2024-10-12,Northeast
197,2024-10-12,Midwest
198,2025-06-05,West
199,2025-07-03,Midwest
200,2024-01-29,Northeast
201,2024-09-24,South
202,2025-08-17,Midwest
203,2024-02-09,Northeast
204,2025-09-02,West
205,2024-12-19,Midwest
206,2025-03-22,Northeast
207,2025-01-29,South
208,2024-09-17,Northeast
209,2025-03-22,Northeast
210,2025-06-16,South
211,2025-01-07,West
212,2024-03-12,Midwest
213,2025-09-30,Midwest
214,2024-05-07,Midwest
215,2025-06-03,Midwest
216,2025-02-22,Midwest
217,2025-02-16,Midwest
218,2025-07-21,South
219,2024-07-15,West
220,2025-01-23,South
221,2025-09-22,Midwest
222,2025-02-19,Northeast
223,2024-11-07,Midwest
224,2024-08-03,West
225,2025-08-16,Midwest
226,2025-04-21,West
227,2025-03-28,South
228,2025-06-07,West
229,2024-06-22,Northeast
230,2024-10-17,Midwest
231,2024-04-05,South
232,2024-11-13,South
233,2024-07-22,South
234,2024-01-26,Northeast
235,2024-09-07,West
236,2025-09-17,Northeast
237,2025-04-11,West
238,2025-10-06,South
239,2025-01-28,West
240,2025-02-13,South
241,2024-05-31,Northeast
242,2024-04-19,West
243,2024-08-12,South
244,2025-06-14,West
245,2024-02-21,South
246,2024-05-04,West
247,2024-05-16,West
248,2025-06-27,Midwest
249,2025-03-29,West
250,2025-07-15,West
251,2024-06-11,West
252,2025-04-05,Midwest
253,2024-09-10,Midwest
254,2025-06-17,West
255,2025-10-03,South
256,2024-10-08,West
257,2024-03-20,Midwest
258,2024-08-28,Midwest
259,2024-12-09,Midwest
260,2025-07-07,Northeast
261,2024-05-21,South
262,2024-08-24,West
263,2024-06-05,South
264,2024-03-06,West
265,2025-02-21,Midwest
266,2025-07-09,West
267,2025-03-01,Northeast
268,2024-07-30,West
269,2025-02-02,Northeast
270,2025-08-12,West
271,2025-05-03,Northeast
272,2024-12-26,Midwest
273,2025-02-03,West
274,2025-07-05,South
275,2025-05-14,South
276,2024-10-06,West
277,2025-05-12,Northeast
278,2025-02-02,Midwest
279,2025-02-18,South
280,2025-04-23,South
281,2025-09-29,Northeast
282,2025-02-07,Northeast
283,2024-03-26,West
284,2024-05-18,West
285,2024-07-05,Northeast
286,2024-09-23,West
287,2024-12-01,South
288,2025-04-10,Midwest
289,2024-12-11,West
290,2024-10-11,West
291,2024-09-15,Northeast
292,2025-04-26,Northeast
293,2025-07-06,Northeast
294,2024-12-24,South
295,2024-03-11,Northeast
296,2024-02-01,South
297,2024-07-23,Northeast
298,2025-09-28,South
299,2024-09-01,South
300,2025-04-29,Northeast
301,2025-07-31,South
302,2025-04-21,Midwest
303,2025-01-12,South
304,2025-09-12,Northeast
305,2024-06-16,Midwest
306,2024-04-20,Northeast
307,2024-11-15,West
308,2025-02-10,South
309,2024-03-18,South
310,2024-04-14,Midwest
311,2025-09-06,Northeast
312,2025-08-02,Northeast
313,2024-12-21,West
314,2025-01-14,Northeast
315,2025-06-02,Midwest
316,2024-01-13,West
317,2025-05-16,Northeast
318,2025-03-19,Midwest
319,2025-04-15,South
320,2025-03-21,South
321,2025-06-18,Midwest
322,2025-09-22,West
323,2025-04-21,West
324,2025-08-29,Midwest
325,2024-11-26,South
326,2024-03-29,Midwest
327,2025-04-06,South
328,2025-04-20,West
329,2024-12-10,Northeast
330,2025-05-21,Midwest
331,2024-07-05,West
332,2024-08-05,Midwest
333,2024-09-21,Midwest
334,2024-10-13,Midwest
335,2025-07-23,Northeast
336,2025-06-13,South
337,2024-03-28,South
338,2025-02-20,West
339,2025-07-22,South
340,2025-05-02,West
341,2025-04-03,Northeast
342,2024-04-05,Midwest
343,2024-08-14,West
344,2024-09-06,Midwest
345,2025-08-18,Midwest
346,2025-04-29,Midwest
347,2025-03-11,Midwest
348,2024-12-26,West
349,2024-10-04,Midwest
350,2024-09-14,South
351,2024-05-03,South
352,2024-11-19,Northeast
353,2025-07-02,South
354,2024-07-15,South
355,2025-05-10,Midwest
356,2025-08-26,Midwest
357,2024-04-12,South
358,2024-10-30,South
359,2025-01-04,South
360,2024-11-05,Northeast
361,2025-06-30,South
362,2024-10-07,Northeast
363,2024-02-25,Midwest
364,2024-05-09,West
365,2024-04-15,Northeast
366,2025-08-10,Midwest
367,2025-04-25,West
368,2025-03-27,Midwest
369,2024-07-07,Northeast
370,2024-09-15,West
371,2024-04-26,Northeast
372,2025-02-14,West
373,2024-03-16,Northeast
374,2024-06-04,South
375,2025-07-30,Midwest
376,2024-03-28,South
377,2024-05-01,West
378,2025-09-12,South
379,2025-06-19,West
380,2025-04-06,West
381,2024-10-31,West
382,2024-11-08,Northeast
383,2025-09-16,Northeast
384,2024-07-31,South
385,2024-09-27,Northeast
386,2024-06-09,South
387,2024-06-26,Northeast
388,2024-06-09,Northeast
389,2025-02-22,West
390,2025-08-31,West
391,2024-10-25,Northeast
392,2024-08-25,Midwest
393,2024-10-16,West
394,2024-03-13,South
395,2024-09-27,South
396,2025-03-11,Northeast
397,2025-07-11,South
398,2024-06-01,Midwest
399,2024-05-25,Northeast
400,2024-03-02,South
401,2024-11-10,Midwest
402,2025-03-25,Northeast
403,2025-04-24,Midwest
404,2025-02-16,Midwest
405,2025-05-27,West
406,2025-03-24,Northeast
407,2025-09-04,Northeast
408,2025-03-18,Midwest
409,2025-09-10,Midwest
410,2024-01-27,Northeast
411,2024-08-22,Northeast
412,2024-10-02,Northeast
413,2024-06-28,West
414,2025-06-15,West
415,2024-10-11,South
416,2025-08-22,West
417,2025-05-18,Northeast
418,2025-04-26,Midwest
419,2025-02-22,Midwest
420,2024-11-24,Northeast
421,2024-06-13,Midwest
422,2025-02-25,West
423,2024-10-22,West
424,2025-07-17,Northeast
425,2025-04-10,Northeast
426,2024-11-18,Midwest
427,2024-11-27,Northeast
428,2025-02-17,Northeast
429,2025-07-09,West
430,2025-02-27,Northeast
431,2024-07-11,Midwest
432,2025-09-29,West
433,2025-10-02,West
434,2024-02-22,South
435,2024-09-30,South
436,2024-10-21,West
437,2025-05-11,Northeast
438,2024-01-30,South
439,2024-06-11,Midwest
440,2025-07-18,Northeast
441,2025-07-19,West
442,2024-04-05,South
443,2024-04-26,West
444,2024-04-30,South
445,2025-05-25,Midwest
446,2025-06-05,Midwest
447,2025-03-01,West
448,2025-04-28,South
449,2025-04-12,South
450,2025-01-27,South
451,2025-09-05,South
452,2024-03-12,Midwest
453,2025-02-28,Midwest
454,2025-06-03,Midwest
455,2024-01-03,Midwest
456,2024-11-01,West
457,2024-06-01,West
458,2025-07-05,West
459,2024-12-19,Midwest
460,2025-07-19,West
461,2025-04-11,Midwest
462,2024-07-12,South
463,2025-08-08,West
464,2024-08-27,West
465,2024-02-14,Midwest
466,2025-04-29,West
467,2025-01-30,South
468,2025-05-22,Northeast
469,2024-05-09,Midwest
470,2024-04-12,West
471,2024-04-12,West
472,2024-01-16,South
473,2025-02-23,South
474,2024-03-17,West
475,2024-09-28,Midwest
476,2025-09-30,West
477,2024-03-23,Midwest
478,2025-06-30,West
479,2024-11-20,West
480,2025-07-08,Northeast
481,2025-09-24,Northeast
482,2024-08-28,Midwest
483,2024-08-20,Northeast
484,2025-03-20,Northeast
485,2025-10-10,Northeast
486,2025-03-30,South
487,2024-11-02,Northeast
488,2024-02-17,Midwest
489,2024-02-27,Midwest
490,2025-01-02,Midwest
491,2025-03-17,South
492,2024-09-07,West
493,2025-08-02,South
494,2024-06-23,South
495,2024-03-21,West
496,2025-09-26,South
497,2025-05-24,South
498,2024-08-25,West
499,2024-09-17,West
500,2024-09-18,Northeast
501,2025-04-21,Midwest
502,2025-07-13,South
503,2024-03-16,West
504,2024-12-19,Midwest
505,2025-03-10,Midwest
506,2025-04-12,Midwest
507,2024-07-22,West
508,2025-05-09,Northeast
509,2024-08-30,West
510,2025-08-08,Midwest
511,2025-08-11,Midwest
512,2024-10-29,Northeast
513,2025-02-09,Midwest
514,2024-01-09,Northeast
515,2025-09-12,West
516,2024-10-20,South
517,2025-09-13,Midwest
518,2024-08-12,South
519,2025-09-27,Midwest
520,2024-05-20,Northeast
521,2025-10-04,Northeast
522,2024-11-12,West
523,2024-02-04,Midwest
524,2024-05-14,Northeast
525,2024-10-29,Midwest
526,2025-03-01,South
527,2024-07-24,South
528,2025-07-06,Midwest
529,2025-06-27,Midwest
530,2024-06-17,Midwest
531,2025-05-08,Midwest
532,2024-12-12,Northeast
533,2025-04-24,Northeast
534,2024-05-24,South
535,2025-02-10,Midwest
536,2024-04-02,West
537,2024-01-15,Midwest
538,2025-07-03,Northeast
539,2025-04-10,Midwest
540,2024-09-25,West
541,2025-01-15,Northeast
542,2024-08-27,West
543,2024-01-26,Midwest
544,2025-09-16,South
545,2024-03-05,West
546,2024-11-05,West
547,2024-04-29,South
548,2024-02-16,Northeast
549,2024-11-07,West
550,2024-04-28,Northeast
551,2024-08-28,South
552,2025-02-01,West
553,2025-01-14,West
554,2025-08-24,South
555,2025-02-28,Northeast
556,2025-05-16,West
557,2024-10-13,Northeast
558,2025-01-14,South
559,2025-03-30,West
560,2024-08-29,Midwest
561,2024-04-11,Midwest
562,2025-07-11,Midwest
563,2024-03-03,West
564,2024-10-09,South
565,2024-05-05,West
566,2024-04-03,South
567,2025-09-03,Northeast
568,2024-02-21,Midwest
569,2024-09-06,South
570,2025-08-01,South
571,2024-03-11,South
572,2025-08-23,South
573,2024-08-26,Midwest
574,2024-05-31,Northeast
575,2024-10-10,South
576,2024-05-13,Midwest
577,2024-06-27,Northeast
578,2024-01-27,South
579,2024-01-16,Midwest
580,2024-08-31,Midwest
581,2024-01-17,South
582,2024-09-28,Northeast
583,2024-05-09,West
584,2025-06-22,Northeast
585,2024-03-06,West
586,2025-04-04,Midwest
587,2025-06-09,Northeast
588,2025-04-07,South
589,2025-09-21,Northeast
590,2025-06-17,Midwest
591,2025-04-14,Northeast
592,2024-03-03,West
593,2025-02-15,West
594,2024-04-20,West
595,2025-03-30,Northeast
596,2024-03-23,Midwest
597,2025-09-14,South
598,2024-03-08,South
599,2024-10-08,Midwest
600,2025-01-25,Midwest
601,2025-04-09,West
602,2024-04-11,Northeast
603,2025-07-18,South
604,2025-03-16,West
605,2024-08-21,West
606,2024-12-13,West
607,2025-02-12,West
608,2024-04-07,Midwest
609,2025-03-13,Midwest
610,2024-09-18,Midwest
611,2024-06-05,West
612,2024-03-09,Northeast
613,2024-03-28,Northeast
614,2025-03-18,Northeast
615,2025-01-16,South
616,2025-07-23,Northeast
617,2025-08-23,Midwest
618,2024-05-05,West
619,2024-12-28,West
620,2024-02-22,Midwest
621,2025-09-06,Midwest
622,2024-12-26,Northeast
623,2025-08-14,South
624,2024-06-07,West
625,2024-08-17,Northeast
626,2024-12-24,Midwest
627,2024-04-27,Midwest
628,2025-08-10,South
629,2025-03-15,Northeast
630,2025-09-15,Midwest
631,2024-01-30,South
632,2024-10-06,Midwest
633,2024-12-13,Midwest
634,2024-01-07,South
635,2024-05-26,West
636,2024-03-12,South
637,2025-10-10,Northeast
638,2024-04-03,South
639,2025-01-20,West
640,2025-04-09,Midwest
641,2024-06-10,Midwest
642,2024-11-15,Midwest
643,2025-08-04,Northeast
644,2024-02-23,South
645,2024-06-10,Northeast
646,2024-03-24,Midwest
647,2025-03-29,West
648,2025-05-12,West
649,2025-02-28,Midwest
650,2024-08-08,Northeast
651,2024-12-19,West
652,2024-04-23,Midwest
653,2025-08-30,West
654,2025-06-23,Midwest
655,2024-02-16,South
656,2025-02-08,Northeast
657,2024-01-08,South
658,2024-11-04,South
659,2024-05-20,Midwest
660,2024-10-23,Midwest
661,2024-05-02,Northeast
662,2025-05-24,West
663,2024-06-28,South
664,2025-01-24,South
665,2025-05-27,Midwest
666,2024-03-14,West
667,2024-02-13,West
668,2024-01-20,West
669,2024-03-20,Midwest
670,2025-08-12,West
671,2025-08-10,West
672,2025-03-03,Midwest
673,2024-04-27,West
674,2024-01-22,Midwest
675,2024-06-24,West
676,2025-01-05,Northeast
677,2025-03-23,Northeast
678,2024-09-06,West
679,2025-08-26,West
680,2025-06-20,Northeast
681,2025-02-09,Midwest
682,2024-12-13,South
683,2024-12-07,South
684,2024-03-19,Northeast
685,2025-06-27,South
686,2024-12-23,Midwest
687,2024-05-31,South
688,2024-04-15,South
689,2024-09-19,South
690,2024-06-26,South
691,2024-03-18,South
692,2025-10-05,West
693,2025-04-20,West
694,2025-08-01,Midwest
695,2025-10-04,Midwest
696,2024-06-03,West
697,2024-03-10,West
698,2025-03-28,Midwest
699,2024-10-08,Northeast
700,2024-12-26,Northeast
701,2024-11-13,West
702,2025-04-07,Northeast
703,2024-02-28,Midwest
704,2024-10-20,Northeast
705,2024-04-02,West
706,2025-04-18,Northeast
707,2025-04-05,South
708,2024-11-25,West
709,2025-05-28,South
710,2024-03-04,West
711,2024-04-15,Midwest
712,2024-03-27,South
713,2024-02-10,South
714,2025-03-24,West
715,2025-06-20,South
716,2025-01-07,Midwest
717,2024-10-16,West
718,2025-02-22,Midwest
719,2025-09-04,Northeast
720,2025-10-08,Midwest
721,2024-03-08,Midwest
722,2024-04-06,West
723,2024-10-17,Midwest
724,2025-09-09,South
725,2024-12-07,Northeast
726,2025-08-19,South
727,2024-12-24,Midwest
728,2025-02-05,South
729,2025-09-01,Northeast
730,2024-11-13,West
731,2024-12-02,South
732,2025-06-23,Northeast
733,2025-03-09,Midwest
734,2024-01-19,Midwest
735,2024-11-12,South
736,2024-08-07,Midwest
737,2025-05-12,South
738,2024-08-19,South
739,2024-06-07,Northeast
740,2024-10-29,Northeast
741,2025-06-03,Northeast
742,2024-12-10,South
743,2025-09-03,West
744,2024-06-06,South
745,2024-07-04,South
746,2025-03-24,Northeast
747,2025-02-24,Midwest
748,2024-08-31,West
749,2025-09-17,Midwest
750,2025-04-04,South
751,2025-06-30,South
752,2024-11-12,West
753,2024-07-17,Midwest
754,2025-08-07,West
755,2025-04-17,Midwest
756,2025-01-26,West
757,2024-06-14,South
758,2025-09-11,South
759,2024-09-13,Northeast
760,2025-05-07,Midwest
761,2025-07-21,Northeast
762,2025-06-12,Northeast
763,2024-10-18,Northeast
764,2024-06-13,Midwest
765,2025-04-05,South
766,2025-03-23,Northeast
767,2024-08-15,West
768,2024-12-23,Northeast
769,2025-02-28,Northeast
770,2025-02-09,Midwest
771,2024-08-29,West
772,2024-03-24,Midwest
773,2024-08-17,Northeast
774,2024-11-22,Northeast
775,2024-12-09,South
776,2024-05-20,Northeast
777,2024-10-20,West
778,2024-05-22,West
779,2025-04-04,Northeast
780,2024-03-22,Northeast
781,2024-09-19,South
782,2024-06-02,West
783,2024-04-23,Midwest
784,2024-08-31,Midwest
785,2024-05-04,Northeast
786,2024-09-01,West
787,2025-09-29,West
788,2024-03-05,Northeast
789,2025-05-26,Northeast
790,2025-10-09,South
791,2024-05-27,Midwest
792,2025-03-15,Northeast
793,2025-09-21,Midwest
794,2024-09-03,West
795,2024-07-10,Northeast
796,2025-06-20,Midwest
797,2024-03-10,Northeast
798,2025-02-03,West
799,2024-02-14,West
800,2025-01-17,Midwest
801,2024-01-17,Midwest
802,2024-03-10,Midwest
803,2024-09-03,Northeast
804,2025-08-18,Midwest
805,2024-05-16,Northeast
806,2024-12-26,Midwest
807,2024-06-28,West
808,2025-05-05,South
809,2024-05-18,Northeast
810,2025-04-13,Northeast
811,2024-10-27,South
812,2024-02-14,South
813,2024-02-12,Midwest
814,2024-11-13,West
815,2025-07-10,West
816,2024-09-16,Northeast
817,2024-07-14,Midwest
818,2024-12-31,Northeast
819,2024-12-05,Midwest
820,2024-05-07,Midwest
821,2025-03-23,West
822,2025-03-26,West
823,2024-12-13,South
824,2025-05-23,West
825,2025-01-11,Midwest
826,2024-03-25,West
827,2024-03-21,West
828,2025-09-08,South
829,2025-07-12,Midwest
830,2024-11-24,Northeast
831,2024-03-22,Midwest
832,2024-10-29,Midwest
833,2025-04-01,West
834,2024-06-19,West
835,2024-12-25,West
836,2024-02-13,Midwest
837,2025-09-21,West
838,2024-10-08,Northeast
839,2024-03-17,West
840,2025-01-07,South
841,2024-02-01,South
842,2025-09-14,West
843,2024-02-05,South
844,2024-03-09,South
845,2025-01-10,Midwest
846,2025-01-27,Northeast
847,2025-09-11,South
848,2025-04-05,Midwest
849,2025-01-15,West
850,2024-03-19,South
851,2025-06-26,Midwest
852,2025-02-11,Midwest
853,2024-10-12,South
854,2024-04-26,Northeast
855,2024-07-09,West
856,2025-06-14,West
857,2025-07-29,Northeast
858,2024-09-25,Midwest
859,2025-04-01,South
860,2025-09-18,Midwest
861,2025-05-17,South
862,2024-05-05,South
863,2024-03-16,West
864,2024-06-25,West
865,2024-03-30,Midwest
866,2024-12-21,Northeast
867,2025-07-17,Midwest
868,2024-11-03,South
869,2024-06-27,Midwest
870,2025-06-04,South
871,2024-05-04,South
872,2024-05-22,South
873,2025-05-20,Northeast
874,2025-01-04,Midwest
875,2025-04-23,South
876,2025-09-18,Northeast
877,2024-03-08,Midwest
878,2025-02-11,West
879,2025-06-22,West
880,2025-02-23,Northeast
881,2024-05-08,Midwest
882,2024-03-16,West
883,2025-04-22,Midwest
884,2024-05-11,South
885,2024-05-12,West
886,2025-05-29,Northeast
887,2024-05-07,South
888,2024-11-07,South
889,2024-06-14,Midwest
890,2024-08-18,Midwest
891,2025-06-15,Midwest
892,2024-03-21,Midwest
893,2024-07-20,Midwest
894,2024-05-08,Midwest
895,2025-09-21,Northeast
896,2025-05-29,South
897,2025-08-29,South
898,2024-06-24,Midwest
899,2025-07-31,Northeast
900,2024-01-30,Northeast
901,2024-02-16,Midwest
902,2024-08-03,West
903,2025-09-24,Northeast
904,2025-05-24,Midwest
905,2024-11-05,West
906,2024-09-07,West
907,2024-10-31,West
908,2024-03-15,Northeast
909,2024-06-10,West
910,2025-03-01,West
911,2025-04-20,South
912,2024-12-14,South
913,2024-11-16,Midwest
914,2024-12-19,West
915,2024-05-13,Midwest
916,2025-06-11,Northeast
917,2024-11-22,South
918,2025-04-22,Northeast
919,2024-09-30,West
920,2024-09-10,South
921,2024-04-09,Northeast
922,2024-10-24,West
923,2025-09-22,West
924,2024-09-11,South
925,2024-12-01,Midwest
926,2024-07-13,South
927,2025-05-25,West
928,2025-05-25,Midwest
929,2025-05-24,Northeast
930,2024-04-02,West
931,2025-06-01,West
932,2024-09-03,South
933,2025-08-20,Midwest
934,2024-02-19,Northeast
935,2024-10-15,West
936,2025-09-03,West
937,2024-10-19,Northeast
938,2024-04-20,West
939,2024-05-17,Midwest
940,2025-01-09,West
941,2025-01-09,Northeast
942,2025-02-14,Northeast
943,2025-08-06,South
944,2025-01-06,Midwest
945,2024-03-16,West
946,2025-05-31,West
947,2025-07-17,Midwest
948,2025-09-30,Northeast
949,2024-05-11,Northeast
950,2025-02-07,Midwest
951,2024-12-13,Midwest
952,2024-05-27,South
953,2025-09-08,West
954,2025-05-27,Northeast
955,2024-02-16,Northeast
956,2024-05-20,Midwest
957,2025-04-30,West
958,2024-06-01,South
959,2024-12-01,Midwest
960,2024-06-15,West
961,2025-09-23,Midwest
962,2025-08-30,Midwest
963,2025-06-03,West
964,2025-07-30,Midwest
965,2025-05-01,Northeast
966,2025-01-12,Midwest
967,2024-04-22,West
968,2025-08-20,Midwest
969,2025-10-06,Northeast
970,2025-09-03,West
971,2024-09-28,South
972,2024-02-22,West
973,2024-06-23,West
974,2024-05-31,South
975,2024-02-02,Northeast
976,2024-07-14,Northeast
977,2025-03-27,Midwest
978,2025-03-04,South
979,2025-02-26,South
980,2025-02-24,West
981,2024-03-04,South
982,2025-06-15,South
983,2025-07-28,Midwest
984,2025-05-04,West
985,2024-11-17,South
986,2025-04-15,Midwest
987,2025-07-13,Midwest
988,2024-09-27,West
989,2024-07-15,South
990,2024-10-12,Midwest
991,2024-08-18,Midwest
992,2024-10-22,South
993,2025-05-15,Midwest
994,2025-05-06,Midwest
995,2025-07-27,Midwest
996,2024-10-21,Northeast
997,2025-08-10,West
998,2025-02-08,Midwest
999,2024-05-29,Midwest
1000,2024-02-13,Midwest
1001,2024-03-21,Midwest
1002,2025-03-28,Midwest
1003,2025-05-05,South
1004,2024-07-25,Midwest
1005,2025-07-29,Midwest
1006,2024-05-20,Northeast
1007,2025-09-22,South
1008,2024-09-05,Northeast
1009,2025-06-27,South
1010,2024-08-26,Northeast
1011,2024-04-12,West
1012,2024-12-04,West
1013,2024-04-12,South
1014,2024-01-06,South
1015,2025-02-20,West
1016,2025-05-03,South
1017,2024-10-21,Midwest
1018,2024-10-19,Northeast
1019,2024-04-01,South
1020,2025-07-01,Northeast
1021,2024-06-28,West
1022,2024-06-29,Northeast
1023,2025-02-10,West
1024,2024-07-09,Midwest
1025,2024-02-08,Northeast
1026,2024-11-01,Northeast
1027,2024-12-09,Midwest
1028,2025-04-10,West
1029,2024-05-17,West
1030,2024-10-06,South
1031,2024-04-25,Midwest
1032,2024-06-15,West
1033,2024-09-20,South
1034,2024-01-15,Midwest
1035,2024-10-29,South
1036,2024-06-28,West
1037,2025-03-13,Midwest
1038,2024-03-29,West
1039,2024-04-07,South
1040,2024-05-23,West
1041,2024-11-27,South
1042,2024-01-07,Midwest
1043,2025-01-27,South
1044,2025-04-02,Midwest
1045,2024-12-03,Midwest
1046,2025-08-19,Northeast
1047,2024-09-24,Midwest
1048,2024-08-29,Northeast
1049,2024-05-01,West
1050,2024-11-10,South
1051,2025-02-19,Midwest
1052,2024-04-30,Midwest
1053,2025-01-11,South
1054,2024-08-12,South
1055,2025-05-04,South
1056,2025-04-10,Midwest
1057,2025-03-01,West
1058,2025-07-04,South
1059,2024-09-10,Northeast
1060,2025-06-22,West
1061,2025-06-24,Midwest
1062,2024-03-20,Northeast
1063,2024-03-04,South
1064,2025-08-09,South
1065,2024-06-17,Midwest
1066,2025-06-16,West
1067,2024-04-29,South
1068,2025-08-20,West
1069,2024-04-03,West
1070,2024-02-26,West
1071,2024-05-15,West
1072,2025-04-12,Northeast
1073,2025-07-26,West
1074,2024-11-11,Northeast
1075,2025-02-09,Midwest
1076,2024-01-04,South
1077,2025-08-15,Northeast
1078,2024-02-16,West
1079,2024-12-18,Northeast
1080,2025-07-08,Northeast
1081,2024-03-11,West
1082,2024-02-02,Midwest
1083,2025-02-22,South
1084,2024-05-18,West
1085,2025-01-18,West
1086,2025-04-04,West
1087,2025-01-19,Northeast
1088,2025-07-06,South
1089,2024-12-22,Northeast
1090,2024-07-01,West
1091,2025-06-25,South
1092,2024-08-16,Northeast
1093,2024-01-24,Midwest
1094,2025-04-19,West
1095,2025-06-28,West
1096,2024-08-23,South
1097,2025-04-16,Midwest
1098,2024-06-07,Midwest
1099,2024-07-12,Northeast
1100,2024-02-02,West
1101,2025-09-21,Northeast
1102,2024-09-03,South
1103,2024-03-09,Northeast
1104,2025-08-31,Northeast
1105,2025-04-02,Northeast
1106,2024-09-07,Northeast
1107,2025-02-15,West
1108,2024-08-27,South
1109,2024-02-27,South
1110,2025-05-30,Midwest
1111,2024-08-27,Midwest
1112,2025-08-14,Midwest
1113,2024-08-30,Midwest
1114,2024-05-26,South
1115,2025-02-27,Midwest
1116,2024-10-08,Northeast
1117,2025-07-24,South
1118,2025-10-03,West
1119,2025-07-23,West
1120,2024-02-18,Midwest
1121,2025-01-25,Midwest
1122,2025-03-02,West
1123,2024-06-01,Midwest
1124,2025-01-20,South
1125,2025-07-04,West
1126,2024-09-03,South
1127,2024-11-03,South
1128,2025-04-19,Northeast
1129,2025-07-29,West
1130,2025-03-02,South
1131,2025-02-01,South
1132,2024-09-18,South
1133,2024-12-04,Northeast
1134,2025-04-05,Midwest
1135,2024-04-04,South
1136,2024-02-22,Midwest
1137,2025-01-21,Northeast
1138,2024-03-15,South
1139,2025-08-24,South
1140,2025-05-05,South
1141,2024-12-06,Midwest
1142,2024-01-16,South
1143,2024-07-13,Northeast
1144,2025-05-05,South
1145,2025-09-10,South
1146,2025-02-10,South
1147,2025-07-19,Midwest
1148,2024-10-16,West
1149,2025-04-22,Midwest
1150,2024-11-11,Midwest
1151,2025-01-03,West
1152,2025-04-22,Northeast
1153,2025-04-25,Midwest
1154,2024-07-27,Midwest
1155,2024-11-16,West
1156,2024-02-16,South
1157,2024-05-29,Northeast
1158,2024-09-24,West
1159,2024-10-29,South
1160,2024-07-19,Midwest
1161,2024-08-23,West
1162,2025-08-06,South
1163,2025-05-26,Midwest
1164,2024-09-20,West
1165,2025-05-17,West
1166,2024-06-21,Midwest
1167,2024-06-22,South
1168,2025-07-13,West
1169,2024-07-07,Northeast
1170,2025-06-20,Northeast
1171,2024-03-17,Northeast
1172,2024-01-07,West
1173,2024-05-20,South
1174,2024-03-10,South
1175,2024-01-10,South
1176,2025-06-01,West
1177,2025-01-17,Northeast
1178,2025-09-24,West
1179,2025-05-14,Northeast
1180,2024-01-07,West
1181,2024-01-13,Northeast
1182,2025-06-26,Midwest
1183,2025-07-02,Midwest
1184,2024-01-18,West
1185,2024-07-02,Northeast
1186,2024-04-08,South
1187,2024-09-03,South
1188,2025-09-26,Midwest
1189,2024-12-28,Midwest
1190,2025-02-10,Northeast
1191,2025-01-17,West
1192,2025-04-15,South
1193,2024-08-19,Midwest
1194,2024-03-23,Northeast
1195,2024-04-05,West
1196,2025-01-23,West
1197,2025-07-19,West
1198,2024-02-27,Northeast
1199,2024-06-24,Northeast
1200,2025-05-26,West
