month,orders,revenue_usd,mom_growth_pct
2024-01,88,9731.4,
2024-02,96,10978.6,12.82
2024-03,111,13794.0,25.64
2024-04,113,12262.3,-11.1
2024-05,121,12560.4,2.43
2024-06,129,15230.8,21.26
2024-07,129,14166.1,-6.99
2024-08,146,17476.3,23.37
2024-09,153,15795.6,-9.62
2024-10,152,17846.6,12.98
2024-11,273,33500.0,87.71
2024-12,282,31502.6,-5.96
2025-01,184,21623.2,-31.36
2025-02,190,21703.7,0.37
2025-03,198,23266.4,7.2
2025-04,199,23636.8,1.59
2025-05,212,24074.3,1.85
2025-06,217,25340.2,5.26
2025-07,231,27424.7,8.23
2025-08,246,29068.7,5.99
2025-09,245,27951.4,-3.84
2025-10,257,28634.9,2.45
2025-11,421,51623.6,80.28
2025-12,434,50234.6,-2.69
