cohort,month_offset,cohort_customers,active_customers,retention_pct
2024-01,0,20,20,100.0
2024-01,1,20,14,70.0
2024-01,2,20,9,45.0
2024-01,3,20,7,35.0
2024-01,4,20,10,50.0
2024-01,5,20,7,35.0
2024-01,6,20,7,35.0
2024-02,0,32,32,100.0
2024-02,1,32,20,62.5
2024-02,2,32,9,28.13
2024-02,3,32,11,34.38
2024-02,4,32,11,34.38
2024-02,5,32,10,31.25
2024-02,6,32,7,21.88
2024-03,0,36,36,100.0
2024-03,1,36,16,44.44
2024-03,2,36,17,47.22
2024-03,3,36,13,36.11
2024-03,4,36,10,27.78
2024-03,5,36,9,25.0
2024-03,6,36,8,22.22
2024-04,0,44,44,100.0
2024-04,1,44,18,40.91
2024-04,2,44,18,40.91
2024-04,3,44,11,25.0
2024-04,4,44,11,25.0
2024-04,5,44,15,34.09
2024-04,6,44,8,18.18
2024-05,0,32,32,100.0
2024-05,1,32,7,21.88
2024-05,2,32,11,34.38
2024-05,3,32,8,25.0
2024-05,4,32,7,21.88
2024-05,5,32,6,18.75
2024-05,6,32,16,50.0
2024-06,0,39,39,100.0
2024-06,1,39,10,25.64
2024-06,2,39,12,30.77
2024-06,3,39,10,25.64
2024-06,4,39,9,23.08
2024-06,5,39,11,28.21
2024-06,6,39,11,28.21
2024-07,0,30,30,100.0
2024-07,1,30,10,33.33
2024-07,2,30,6,20.0
2024-07,3,30,9,30.0
2024-07,4,30,9,30.0
2024-07,5,30,11,36.67
2024-07,6,30,8,26.67
2024-08,0,45,45,100.0
2024-08,1,45,13,28.89
2024-08,2,45,14,31.11
2024-08,3,45,12,26.67
2024-08,4,45,13,28.89
2024-08,5,45,8,17.78
2024-08,6,45,9,20.0
2024-09,0,40,40,100.0
2024-09,1,40,13,32.5
2024-09,2,40,17,42.5
2024-09,3,40,15,37.5
2024-09,4,40,9,22.5
2024-09,5,40,11,27.5
2024-09,6,40,13,32.5
2024-10,0,35,35,100.0
2024-10,1,35,14,40.0
2024-10,2,35,16,45.71
2024-10,3,35,8,22.86
2024-10,4,35,12,34.29
2024-10,5,35,10,28.57
2024-10,6,35,7,20.0
2024-11,0,54,54,100.0
2024-11,1,54,19,35.19
2024-11,2,54,11,20.37
2024-11,3,54,14,25.93
2024-11,4,54,13,24.07
2024-11,5,54,15,27.78
2024-11,6,54,11,20.37
2024-12,0,60,60,100.0
2024-12,1,60,10,16.67
2024-12,2,60,8,13.33
2024-12,3,60,9,15.0
2024-12,4,60,11,18.33
2024-12,5,60,11,18.33
2024-12,6,60,9,15.0
2025-01,0,38,38,100.0
2025-01,1,38,8,21.05
2025-01,2,38,7,18.42
2025-01,3,38,8,21.05
2025-01,4,38,7,18.42
2025-01,5,38,9,23.68
2025-01,6,38,7,18.42
2025-02,0,35,35,100.0
2025-02,1,35,6,17.14
2025-02,2,35,12,34.29
2025-02,3,35,6,17.14
2025-02,4,35,7,20.0
2025-02,5,35,6,17.14
2025-02,6,35,6,17.14
2025-03,0,41,41,100.0
2025-03,1,41,7,17.07
2025-03,2,41,7,17.07
2025-03,3,41,6,14.63
2025-03,4,41,7,17.07
2025-03,5,41,5,12.2
2025-03,6,41,7,17.07
2025-04,0,36,36,100.0
2025-04,1,36,7,19.44
2025-04,2,36,6,16.67
2025-04,3,36,9,25.0
2025-04,4,36,10,27.78
2025-04,5,36,3,8.33
2025-04,6,36,9,25.0
2025-05,0,52,52,100.0
2025-05,1,52,13,25.0
2025-05,2,52,10,19.23
2025-05,3,52,11,21.15
2025-05,4,52,11,21.15
2025-05,5,52,10,19.23
2025-05,6,52,15,28.85
2025-06,0,40,40,100.0
2025-06,1,40,10,25.0
2025-06,2,40,11,27.5
2025-06,3,40,14,35.0
2025-06,4,40,10,25.0
2025-06,5,40,15,37.5
2025-06,6,40,13,32.5
2025-07,0,33,33,100.0
2025-07,1,33,9,27.27
2025-07,2,33,6,18.18
2025-07,3,33,4,12.12
2025-07,4,33,9,27.27
2025-07,5,33,5,15.15
2025-08,0,39,39,100.0
2025-08,1,39,12,30.77
2025-08,2,39,5,12.82
2025-08,3,39,14,35.9
2025-08,4,39,15,38.46
2025-09,0,50,50,100.0
2025-09,1,50,12,24.0
2025-09,2,50,15,30.0
2025-09,3,50,11,22.0
2025-10,0,42,42,100.0
2025-10,1,42,10,23.81
2025-10,2,42,13,30.95
2025-11,0,55,55,100.0
2025-11,1,55,14,25.45
2025-12,0,48,48,100.0
